,sequence_type,seq_size,acc_fft,acc_mv,N,m_freq_peak_idxs,nc_freq_peak_idxs,frequences,dft_model_scores,cossic_model_score
0,Gorilla_gorilla,512,"""                       precision    recall  f1-score   support\n\n mRNA_Gorilla_gorilla       0.96      0.94      0.95       120\nncRNA_Gorilla_gorilla       0.93      0.95      0.94       101\n\n             accuracy                           0.95       221\n            macro avg       0.94      0.95      0.95       221\n         weighted avg       0.95      0.95      0.95       221\n""","""                       precision    recall  f1-score   support\n\n mRNA_Gorilla_gorilla       0.95      0.94      0.95       120\nncRNA_Gorilla_gorilla       0.93      0.94      0.94       101\n\n             accuracy                           0.94       221\n            macro avg       0.94      0.94      0.94       221\n         weighted avg       0.94      0.94      0.94       221\n""",5,"[0, 1, 2, 303, 304]",[1],[0.         0.00109589 0.00219178 0.33205479 0.33315068],"[0.96753247 0.94155844 0.95454545 0.93506494 0.9025974  0.94805195
 0.90909091 0.91558442 0.92857143 0.92857143]","[0.93506494 0.88961039 0.85064935 0.92857143 0.88961039 0.92207792
 0.9025974  0.9025974  0.83766234 0.84415584]"
1,Macaca_mulatta,512,"""                      precision    recall  f1-score   support\n\n mRNA_Macaca_mulatta       0.97      0.95      0.96       116\nncRNA_Macaca_mulatta       0.94      0.97      0.96       100\n\n            accuracy                           0.96       216\n           macro avg       0.96      0.96      0.96       216\n        weighted avg       0.96      0.96      0.96       216\n""","""                      precision    recall  f1-score   support\n\n mRNA_Macaca_mulatta       0.88      0.85      0.86       116\nncRNA_Macaca_mulatta       0.83      0.86      0.85       100\n\n            accuracy                           0.86       216\n           macro avg       0.86      0.86      0.86       216\n        weighted avg       0.86      0.86      0.86       216\n""",2,[0],[1],[0.         0.00109589],"[0.95364238 0.94039735 0.92715232 0.91390728 0.92715232 0.91390728
 0.9205298  0.90066225 0.91390728 0.94701987]","[0.86092715 0.90066225 0.86754967 0.90066225 0.85430464 0.93377483
 0.83443709 0.86092715 0.89403974 0.86092715]"
2,Bos_taurus,512,"""                  precision    recall  f1-score   support\n\n mRNA_Bos_taurus       1.00      1.00      1.00        54\nncRNA_Bos_taurus       1.00      1.00      1.00        56\n\n        accuracy                           1.00       110\n       macro avg       1.00      1.00      1.00       110\n    weighted avg       1.00      1.00      1.00       110\n""","""                  precision    recall  f1-score   support\n\n mRNA_Bos_taurus       0.96      0.91      0.93        54\nncRNA_Bos_taurus       0.92      0.96      0.94        56\n\n        accuracy                           0.94       110\n       macro avg       0.94      0.94      0.94       110\n    weighted avg       0.94      0.94      0.94       110\n""",4,"[0, 1, 303, 304]",[1],[0.         0.00109589 0.33205479 0.33315068],"[0.98701299 1.         1.         0.97402597 0.97402597 0.98701299
 1.         0.98701299 0.97402597 0.97402597]","[0.96103896 0.90909091 0.96103896 0.96103896 0.93506494 0.90909091
 0.97402597 0.93506494 0.93506494 0.94805195]"
3,Danio_rerio,512,"""                   precision    recall  f1-score   support\n\n mRNA_Danio_rerio       0.78      0.80      0.79       125\nncRNA_Danio_rerio       0.80      0.77      0.78       127\n\n         accuracy                           0.79       252\n        macro avg       0.79      0.79      0.79       252\n     weighted avg       0.79      0.79      0.79       252\n""","""                   precision    recall  f1-score   support\n\n mRNA_Danio_rerio       0.73      0.73      0.73       125\nncRNA_Danio_rerio       0.73      0.74      0.74       127\n\n         accuracy                           0.73       252\n        macro avg       0.73      0.73      0.73       252\n     weighted avg       0.73      0.73      0.73       252\n""",7,"[0, 1, 2, 3, 7, 303, 304]",[1],"[0.         0.00109589 0.00219178 0.00328767 0.00767123 0.33205479
 0.33315068]","[0.72159091 0.77272727 0.78977273 0.78409091 0.77840909 0.77272727
 0.80113636 0.77272727 0.77840909 0.8125    ]","[0.69318182 0.71022727 0.77840909 0.73295455 0.77272727 0.73295455
 0.73863636 0.74431818 0.77840909 0.81818182]"
4,Mus_musculus,512,"""                    precision    recall  f1-score   support\n\n mRNA_Mus_musculus       0.80      0.82      0.81      2429\nncRNA_Mus_musculus       0.81      0.79      0.80      2391\n\n          accuracy                           0.80      4820\n         macro avg       0.80      0.80      0.80      4820\n      weighted avg       0.80      0.80      0.80      4820\n""","""                    precision    recall  f1-score   support\n\n mRNA_Mus_musculus       0.80      0.80      0.80      2429\nncRNA_Mus_musculus       0.80      0.80      0.80      2391\n\n          accuracy                           0.80      4820\n         macro avg       0.80      0.80      0.80      4820\n      weighted avg       0.80      0.80      0.80      4820\n""",456,"[1, 2, 3, 4, 5, 6, 7, 8, 9, 10, 11, 12, 13, 14, 15, 16, 17, 18, 19, 20, 21, 22, 23, 24, 25, 26, 27, 28, 29, 30, 31, 32, 33, 34, 35, 36, 37, 38, 39, 40, 41, 42, 43, 44, 45, 46, 47, 48, 49, 50, 51, 52, 53, 54, 55, 56, 57, 58, 59, 60, 61, 62, 63, 64, 65, 66, 67, 68, 69, 70, 71, 72, 73, 74, 75, 76, 77, 78, 79, 80, 81, 82, 83, 84, 85, 86, 87, 88, 89, 90, 91, 92, 93, 94, 95, 96, 97, 98, 99, 100, 101, 102, 103, 104, 105, 106, 107, 108, 109, 110, 111, 112, 113, 114, 115, 116, 117, 118, 119, 120, 121, 122, 123, 124, 125, 126, 127, 128, 129, 130, 131, 132, 133, 134, 135, 136, 137, 138, 139, 140, 141, 142, 143, 144, 145, 146, 147, 148, 149, 150, 151, 152, 153, 154, 155, 156, 157, 158, 159, 160, 161, 162, 163, 164, 165, 166, 167, 168, 169, 170, 171, 172, 173, 174, 175, 176, 177, 178, 179, 180, 181, 182, 183, 184, 185, 186, 187, 188, 189, 190, 191, 192, 193, 194, 195, 196, 197, 198, 199, 200, 201, 202, 203, 204, 205, 206, 207, 208, 209, 210, 211, 212, 213, 214, 215, 216, 217, 218, 219, 220, 221, 222, 223, 224, 225, 226, 227, 228, 229, 230, 231, 232, 233, 234, 235, 236, 237, 238, 239, 240, 241, 242, 243, 244, 245, 246, 247, 248, 249, 250, 251, 252, 253, 254, 255, 256, 257, 258, 259, 260, 261, 262, 263, 264, 265, 266, 267, 268, 269, 270, 271, 272, 273, 274, 275, 276, 277, 278, 279, 280, 281, 282, 283, 284, 285, 286, 287, 288, 289, 290, 291, 292, 293, 294, 295, 296, 297, 298, 299, 300, 301, 302, 303, 304, 305, 306, 307, 308, 309, 310, 311, 312, 313, 314, 315, 316, 317, 318, 319, 320, 321, 322, 323, 324, 325, 326, 327, 328, 329, 330, 331, 332, 333, 334, 335, 336, 337, 338, 339, 340, 341, 342, 343, 344, 345, 346, 347, 348, 349, 350, 351, 352, 353, 354, 355, 356, 357, 358, 359, 360, 361, 362, 363, 364, 365, 366, 367, 368, 369, 370, 371, 372, 373, 374, 375, 376, 377, 378, 379, 380, 381, 382, 383, 384, 385, 386, 387, 388, 389, 390, 391, 392, 393, 394, 395, 396, 397, 398, 399, 400, 401, 402, 403, 404, 405, 406, 407, 408, 409, 410, 411, 412, 413, 414, 415, 416, 417, 418, 419, 420, 421, 422, 423, 424, 425, 426, 427, 428, 429, 430, 431, 432, 433, 434, 435, 436, 437, 438, 439, 440, 441, 442, 443, 444, 445, 446, 447, 448, 449, 450, 451, 452, 453, 454, 456]","[1, 2, 3, 4, 5, 6, 10, 12, 15, 16, 18, 19, 22, 24, 29, 30, 31, 32, 33, 36, 37, 40, 44, 45, 47, 50, 55, 57, 61, 63, 64, 65, 67, 73, 74, 81, 87, 88, 89, 91, 100, 113, 114, 117, 126, 128, 129, 131, 143, 149, 151, 152, 157, 166, 169, 172, 181, 183, 195, 209, 210, 216, 223, 227, 228, 232, 244, 249, 250, 253, 261, 266, 273, 302, 303, 305, 342, 365, 378, 390, 427, 429, 432, 440, 441, 446, 447, 448, 453, 454, 455]","[0.00109589 0.00219178 0.00328767 0.00438356 0.00547945 0.00657534
 0.00767123 0.00876712 0.00986301 0.0109589  0.01205479 0.01315068
 0.01424658 0.01534247 0.01643836 0.01753425 0.01863014 0.01972603
 0.02082192 0.02191781 0.0230137  0.02410959 0.02520548 0.02630137
 0.02739726 0.02849315 0.02958904 0.03068493 0.03178082 0.03287671
 0.0339726  0.03506849 0.03616438 0.03726027 0.03835616 0.03945205
 0.04054795 0.04164384 0.04273973 0.04383562 0.04493151 0.0460274
 0.04712329 0.04821918 0.04931507 0.05041096 0.05150685 0.05260274
 0.05369863 0.05479452 0.05589041 0.0569863  0.05808219 0.05917808
 0.06027397 0.06136986 0.06246575 0.06356164 0.06465753 0.06575342
 0.06684932 0.06794521 0.0690411  0.07013699 0.07123288 0.07232877
 0.07342466 0.07452055 0.07561644 0.07671233 0.07780822 0.07890411
 0.08       0.08109589 0.08219178 0.08328767 0.08438356 0.08547945
 0.08657534 0.08767123 0.08876712 0.08986301 0.0909589  0.09205479
 0.09315068 0.09424658 0.09534247 0.09643836 0.09753425 0.09863014
 0.09972603 0.10082192 0.10191781 0.1030137  0.10410959 0.10520548
 0.10630137 0.10739726 0.10849315 0.10958904 0.11068493 0.11178082
 0.11287671 0.1139726  0.11506849 0.11616438 0.11726027 0.11835616
 0.11945205 0.12054795 0.12164384 0.12273973 0.12383562 0.12493151
 0.1260274  0.12712329 0.12821918 0.12931507 0.13041096 0.13150685
 0.13260274 0.13369863 0.13479452 0.13589041 0.1369863  0.13808219
 0.13917808 0.14027397 0.14136986 0.14246575 0.14356164 0.14465753
 0.14575342 0.14684932 0.14794521 0.1490411  0.15013699 0.15123288
 0.15232877 0.15342466 0.15452055 0.15561644 0.15671233 0.15780822
 0.15890411 0.16       0.16109589 0.16219178 0.16328767 0.16438356
 0.16547945 0.16657534 0.16767123 0.16876712 0.16986301 0.1709589
 0.17205479 0.17315068 0.17424658 0.17534247 0.17643836 0.17753425
 0.17863014 0.17972603 0.18082192 0.18191781 0.1830137  0.18410959
 0.18520548 0.18630137 0.18739726 0.18849315 0.18958904 0.19068493
 0.19178082 0.19287671 0.1939726  0.19506849 0.19616438 0.19726027
 0.19835616 0.19945205 0.20054795 0.20164384 0.20273973 0.20383562
 0.20493151 0.2060274  0.20712329 0.20821918 0.20931507 0.21041096
 0.21150685 0.21260274 0.21369863 0.21479452 0.21589041 0.2169863
 0.21808219 0.21917808 0.22027397 0.22136986 0.22246575 0.22356164
 0.22465753 0.22575342 0.22684932 0.22794521 0.2290411  0.23013699
 0.23123288 0.23232877 0.23342466 0.23452055 0.23561644 0.23671233
 0.23780822 0.23890411 0.24       0.24109589 0.24219178 0.24328767
 0.24438356 0.24547945 0.24657534 0.24767123 0.24876712 0.24986301
 0.2509589  0.25205479 0.25315068 0.25424658 0.25534247 0.25643836
 0.25753425 0.25863014 0.25972603 0.26082192 0.26191781 0.2630137
 0.26410959 0.26520548 0.26630137 0.26739726 0.26849315 0.26958904
 0.27068493 0.27178082 0.27287671 0.2739726  0.27506849 0.27616438
 0.27726027 0.27835616 0.27945205 0.28054795 0.28164384 0.28273973
 0.28383562 0.28493151 0.2860274  0.28712329 0.28821918 0.28931507
 0.29041096 0.29150685 0.29260274 0.29369863 0.29479452 0.29589041
 0.2969863  0.29808219 0.29917808 0.30027397 0.30136986 0.30246575
 0.30356164 0.30465753 0.30575342 0.30684932 0.30794521 0.3090411
 0.31013699 0.31123288 0.31232877 0.31342466 0.31452055 0.31561644
 0.31671233 0.31780822 0.31890411 0.32       0.32109589 0.32219178
 0.32328767 0.32438356 0.32547945 0.32657534 0.32767123 0.32876712
 0.32986301 0.3309589  0.33205479 0.33315068 0.33424658 0.33534247
 0.33643836 0.33753425 0.33863014 0.33972603 0.34082192 0.34191781
 0.3430137  0.34410959 0.34520548 0.34630137 0.34739726 0.34849315
 0.34958904 0.35068493 0.35178082 0.35287671 0.3539726  0.35506849
 0.35616438 0.35726027 0.35835616 0.35945205 0.36054795 0.36164384
 0.36273973 0.36383562 0.36493151 0.3660274  0.36712329 0.36821918
 0.36931507 0.37041096 0.37150685 0.37260274 0.37369863 0.37479452
 0.37589041 0.3769863  0.37808219 0.37917808 0.38027397 0.38136986
 0.38246575 0.38356164 0.38465753 0.38575342 0.38684932 0.38794521
 0.3890411  0.39013699 0.39123288 0.39232877 0.39342466 0.39452055
 0.39561644 0.39671233 0.39780822 0.39890411 0.4        0.40109589
 0.40219178 0.40328767 0.40438356 0.40547945 0.40657534 0.40767123
 0.40876712 0.40986301 0.4109589  0.41205479 0.41315068 0.41424658
 0.41534247 0.41643836 0.41753425 0.41863014 0.41972603 0.42082192
 0.42191781 0.4230137  0.42410959 0.42520548 0.42630137 0.42739726
 0.42849315 0.42958904 0.43068493 0.43178082 0.43287671 0.4339726
 0.43506849 0.43616438 0.43726027 0.43835616 0.43945205 0.44054795
 0.44164384 0.44273973 0.44383562 0.44493151 0.4460274  0.44712329
 0.44821918 0.44931507 0.45041096 0.45150685 0.45260274 0.45369863
 0.45479452 0.45589041 0.4569863  0.45808219 0.45917808 0.46027397
 0.46136986 0.46246575 0.46356164 0.46465753 0.46575342 0.46684932
 0.46794521 0.4690411  0.47013699 0.47123288 0.47232877 0.47342466
 0.47452055 0.47561644 0.47671233 0.47780822 0.47890411 0.48
 0.48109589 0.48219178 0.48328767 0.48438356 0.48547945 0.48657534
 0.48767123 0.48876712 0.48986301 0.4909589  0.49205479 0.49315068
 0.49424658 0.49534247 0.49643836 0.49753425 0.49863014 0.49972603]","[0.79816242 0.79875519 0.8153527  0.80942501 0.79964434 0.79994072
 0.81772377 0.80557202 0.8040901  0.79519858]","[0.80112626 0.79964434 0.81505631 0.80557202 0.80468287 0.80023711
 0.80705394 0.80557202 0.80794309 0.79075282]"
5,Pan_troglodytes,512,"""                       precision    recall  f1-score   support\n\n mRNA_Pan_troglodytes       0.96      0.97      0.97       360\nncRNA_Pan_troglodytes       0.97      0.96      0.96       339\n\n             accuracy                           0.97       699\n            macro avg       0.97      0.97      0.97       699\n         weighted avg       0.97      0.97      0.97       699\n""","""                       precision    recall  f1-score   support\n\n mRNA_Pan_troglodytes       0.95      0.96      0.95       360\nncRNA_Pan_troglodytes       0.95      0.94      0.95       339\n\n             accuracy                           0.95       699\n            macro avg       0.95      0.95      0.95       699\n         weighted avg       0.95      0.95      0.95       699\n""",390,"[0, 1, 2, 3, 4, 5, 6, 7, 8, 9, 10, 11, 12, 13, 14, 15, 16, 17, 18, 19, 20, 21, 22, 23, 24, 25, 26, 27, 28, 29, 30, 31, 32, 33, 34, 35, 36, 37, 38, 39, 40, 41, 42, 43, 44, 45, 46, 47, 48, 49, 50, 51, 52, 53, 54, 55, 56, 57, 58, 59, 60, 61, 62, 63, 64, 65, 66, 67, 68, 69, 70, 71, 72, 73, 74, 75, 76, 77, 78, 79, 80, 81, 82, 83, 84, 85, 86, 87, 88, 89, 90, 91, 92, 93, 94, 95, 96, 97, 98, 99, 100, 101, 102, 103, 104, 105, 106, 107, 108, 109, 110, 111, 112, 113, 114, 115, 116, 117, 118, 119, 120, 121, 122, 123, 124, 125, 126, 127, 128, 129, 130, 131, 132, 133, 134, 135, 136, 137, 138, 139, 140, 141, 142, 143, 144, 145, 146, 147, 148, 149, 150, 151, 152, 153, 154, 155, 156, 157, 158, 159, 160, 161, 162, 163, 164, 165, 166, 167, 168, 169, 170, 171, 172, 173, 174, 175, 176, 177, 178, 179, 180, 181, 182, 183, 184, 185, 186, 187, 188, 189, 190, 191, 192, 193, 194, 195, 196, 197, 198, 199, 200, 201, 202, 203, 204, 205, 206, 207, 208, 209, 210, 211, 212, 213, 214, 215, 216, 217, 218, 219, 220, 221, 222, 223, 224, 225, 226, 227, 228, 229, 230, 231, 232, 233, 234, 235, 236, 237, 238, 239, 240, 241, 242, 243, 244, 245, 246, 247, 248, 249, 250, 251, 252, 253, 254, 255, 256, 257, 258, 259, 260, 261, 262, 263, 264, 265, 267, 268, 269, 270, 271, 272, 273, 274, 275, 276, 277, 278, 279, 280, 281, 282, 283, 284, 285, 286, 287, 289, 290, 291, 292, 293, 294, 295, 296, 297, 298, 299, 300, 301, 302, 303, 304, 305, 306, 307, 308, 309, 310, 311, 312, 313, 314, 315, 316, 317, 319, 321, 323, 324, 325, 326, 328, 329, 330, 331, 332, 333, 334, 337, 338, 340, 341, 342, 343, 345, 346, 349, 350, 352, 353, 358, 359, 360, 361, 362, 363, 367, 369, 371, 372, 376, 379, 380, 381, 382, 383, 385, 386, 387, 388, 389, 390, 391, 394, 395, 396, 399, 403, 408, 410, 412, 413, 416, 418, 420, 421, 422, 423, 431, 434, 438, 440, 443, 444, 446, 449, 453, 454]","[1, 455]","[0.         0.00109589 0.00219178 0.00328767 0.00438356 0.00547945
 0.00657534 0.00767123 0.00876712 0.00986301 0.0109589  0.01205479
 0.01315068 0.01424658 0.01534247 0.01643836 0.01753425 0.01863014
 0.01972603 0.02082192 0.02191781 0.0230137  0.02410959 0.02520548
 0.02630137 0.02739726 0.02849315 0.02958904 0.03068493 0.03178082
 0.03287671 0.0339726  0.03506849 0.03616438 0.03726027 0.03835616
 0.03945205 0.04054795 0.04164384 0.04273973 0.04383562 0.04493151
 0.0460274  0.04712329 0.04821918 0.04931507 0.05041096 0.05150685
 0.05260274 0.05369863 0.05479452 0.05589041 0.0569863  0.05808219
 0.05917808 0.06027397 0.06136986 0.06246575 0.06356164 0.06465753
 0.06575342 0.06684932 0.06794521 0.0690411  0.07013699 0.07123288
 0.07232877 0.07342466 0.07452055 0.07561644 0.07671233 0.07780822
 0.07890411 0.08       0.08109589 0.08219178 0.08328767 0.08438356
 0.08547945 0.08657534 0.08767123 0.08876712 0.08986301 0.0909589
 0.09205479 0.09315068 0.09424658 0.09534247 0.09643836 0.09753425
 0.09863014 0.09972603 0.10082192 0.10191781 0.1030137  0.10410959
 0.10520548 0.10630137 0.10739726 0.10849315 0.10958904 0.11068493
 0.11178082 0.11287671 0.1139726  0.11506849 0.11616438 0.11726027
 0.11835616 0.11945205 0.12054795 0.12164384 0.12273973 0.12383562
 0.12493151 0.1260274  0.12712329 0.12821918 0.12931507 0.13041096
 0.13150685 0.13260274 0.13369863 0.13479452 0.13589041 0.1369863
 0.13808219 0.13917808 0.14027397 0.14136986 0.14246575 0.14356164
 0.14465753 0.14575342 0.14684932 0.14794521 0.1490411  0.15013699
 0.15123288 0.15232877 0.15342466 0.15452055 0.15561644 0.15671233
 0.15780822 0.15890411 0.16       0.16109589 0.16219178 0.16328767
 0.16438356 0.16547945 0.16657534 0.16767123 0.16876712 0.16986301
 0.1709589  0.17205479 0.17315068 0.17424658 0.17534247 0.17643836
 0.17753425 0.17863014 0.17972603 0.18082192 0.18191781 0.1830137
 0.18410959 0.18520548 0.18630137 0.18739726 0.18849315 0.18958904
 0.19068493 0.19178082 0.19287671 0.1939726  0.19506849 0.19616438
 0.19726027 0.19835616 0.19945205 0.20054795 0.20164384 0.20273973
 0.20383562 0.20493151 0.2060274  0.20712329 0.20821918 0.20931507
 0.21041096 0.21150685 0.21260274 0.21369863 0.21479452 0.21589041
 0.2169863  0.21808219 0.21917808 0.22027397 0.22136986 0.22246575
 0.22356164 0.22465753 0.22575342 0.22684932 0.22794521 0.2290411
 0.23013699 0.23123288 0.23232877 0.23342466 0.23452055 0.23561644
 0.23671233 0.23780822 0.23890411 0.24       0.24109589 0.24219178
 0.24328767 0.24438356 0.24547945 0.24657534 0.24767123 0.24876712
 0.24986301 0.2509589  0.25205479 0.25315068 0.25424658 0.25534247
 0.25643836 0.25753425 0.25863014 0.25972603 0.26082192 0.26191781
 0.2630137  0.26410959 0.26520548 0.26630137 0.26739726 0.26849315
 0.26958904 0.27068493 0.27178082 0.27287671 0.2739726  0.27506849
 0.27616438 0.27726027 0.27835616 0.27945205 0.28054795 0.28164384
 0.28273973 0.28383562 0.28493151 0.2860274  0.28712329 0.28821918
 0.28931507 0.29041096 0.29260274 0.29369863 0.29479452 0.29589041
 0.2969863  0.29808219 0.29917808 0.30027397 0.30136986 0.30246575
 0.30356164 0.30465753 0.30575342 0.30684932 0.30794521 0.3090411
 0.31013699 0.31123288 0.31232877 0.31342466 0.31452055 0.31671233
 0.31780822 0.31890411 0.32       0.32109589 0.32219178 0.32328767
 0.32438356 0.32547945 0.32657534 0.32767123 0.32876712 0.32986301
 0.3309589  0.33205479 0.33315068 0.33424658 0.33534247 0.33643836
 0.33753425 0.33863014 0.33972603 0.34082192 0.34191781 0.3430137
 0.34410959 0.34520548 0.34630137 0.34739726 0.34958904 0.35178082
 0.3539726  0.35506849 0.35616438 0.35726027 0.35945205 0.36054795
 0.36164384 0.36273973 0.36383562 0.36493151 0.3660274  0.36931507
 0.37041096 0.37260274 0.37369863 0.37479452 0.37589041 0.37808219
 0.37917808 0.38246575 0.38356164 0.38575342 0.38684932 0.39232877
 0.39342466 0.39452055 0.39561644 0.39671233 0.39780822 0.40219178
 0.40438356 0.40657534 0.40767123 0.41205479 0.41534247 0.41643836
 0.41753425 0.41863014 0.41972603 0.42191781 0.4230137  0.42410959
 0.42520548 0.42630137 0.42739726 0.42849315 0.43178082 0.43287671
 0.4339726  0.43726027 0.44164384 0.44712329 0.44931507 0.45150685
 0.45260274 0.45589041 0.45808219 0.46027397 0.46136986 0.46246575
 0.46356164 0.47232877 0.47561644 0.48       0.48219178 0.48547945
 0.48657534 0.48876712 0.49205479 0.49643836 0.49753425 0.49863014]","[0.95092025 0.9406953  0.94274029 0.93865031 0.95705521 0.95501022
 0.95296524 0.94478528 0.96114519 0.95501022]","[0.94274029 0.93047035 0.94478528 0.94683027 0.94887526 0.9406953
 0.93456033 0.93865031 0.9591002  0.94683027]"
6,Pongo_abelii,512,"""                    precision    recall  f1-score   support\n\n mRNA_Pongo_abelii       1.00      0.98      0.99       124\nncRNA_Pongo_abelii       0.97      1.00      0.99       112\n\n          accuracy                           0.99       236\n         macro avg       0.99      0.99      0.99       236\n      weighted avg       0.99      0.99      0.99       236\n""","""                    precision    recall  f1-score   support\n\n mRNA_Pongo_abelii       0.97      0.94      0.96       124\nncRNA_Pongo_abelii       0.94      0.96      0.95       112\n\n          accuracy                           0.95       236\n         macro avg       0.95      0.95      0.95       236\n      weighted avg       0.95      0.95      0.95       236\n""",215,"[0, 1, 2, 3, 4, 5, 6, 7, 8, 9, 10, 11, 12, 13, 14, 15, 16, 17, 18, 19, 20, 21, 22, 23, 24, 25, 26, 27, 28, 29, 30, 31, 32, 33, 34, 35, 36, 37, 38, 39, 40, 41, 42, 43, 44, 45, 46, 47, 48, 49, 50, 51, 52, 53, 54, 55, 57, 58, 59, 60, 61, 62, 63, 64, 65, 66, 67, 68, 69, 70, 71, 72, 73, 74, 75, 76, 77, 78, 79, 80, 81, 82, 83, 84, 85, 86, 87, 89, 90, 91, 92, 93, 94, 95, 96, 97, 98, 99, 100, 101, 102, 103, 104, 105, 106, 107, 108, 109, 110, 111, 112, 113, 114, 115, 116, 118, 119, 121, 122, 123, 124, 125, 126, 127, 128, 129, 130, 131, 132, 133, 134, 135, 136, 137, 138, 139, 140, 141, 142, 143, 144, 145, 146, 147, 148, 149, 150, 151, 152, 153, 154, 155, 156, 159, 161, 162, 163, 165, 166, 167, 168, 169, 170, 171, 172, 173, 175, 176, 177, 178, 179, 180, 181, 182, 183, 184, 185, 186, 187, 188, 192, 193, 195, 199, 201, 203, 205, 206, 208, 212, 213, 214, 216, 217, 219, 221, 224, 226, 227, 228, 229, 230, 234, 237, 238, 239, 249, 250, 256, 258, 293, 302, 303, 304, 310]",[1],"[0.         0.00109589 0.00219178 0.00328767 0.00438356 0.00547945
 0.00657534 0.00767123 0.00876712 0.00986301 0.0109589  0.01205479
 0.01315068 0.01424658 0.01534247 0.01643836 0.01753425 0.01863014
 0.01972603 0.02082192 0.02191781 0.0230137  0.02410959 0.02520548
 0.02630137 0.02739726 0.02849315 0.02958904 0.03068493 0.03178082
 0.03287671 0.0339726  0.03506849 0.03616438 0.03726027 0.03835616
 0.03945205 0.04054795 0.04164384 0.04273973 0.04383562 0.04493151
 0.0460274  0.04712329 0.04821918 0.04931507 0.05041096 0.05150685
 0.05260274 0.05369863 0.05479452 0.05589041 0.0569863  0.05808219
 0.05917808 0.06027397 0.06246575 0.06356164 0.06465753 0.06575342
 0.06684932 0.06794521 0.0690411  0.07013699 0.07123288 0.07232877
 0.07342466 0.07452055 0.07561644 0.07671233 0.07780822 0.07890411
 0.08       0.08109589 0.08219178 0.08328767 0.08438356 0.08547945
 0.08657534 0.08767123 0.08876712 0.08986301 0.0909589  0.09205479
 0.09315068 0.09424658 0.09534247 0.09753425 0.09863014 0.09972603
 0.10082192 0.10191781 0.1030137  0.10410959 0.10520548 0.10630137
 0.10739726 0.10849315 0.10958904 0.11068493 0.11178082 0.11287671
 0.1139726  0.11506849 0.11616438 0.11726027 0.11835616 0.11945205
 0.12054795 0.12164384 0.12273973 0.12383562 0.12493151 0.1260274
 0.12712329 0.12931507 0.13041096 0.13260274 0.13369863 0.13479452
 0.13589041 0.1369863  0.13808219 0.13917808 0.14027397 0.14136986
 0.14246575 0.14356164 0.14465753 0.14575342 0.14684932 0.14794521
 0.1490411  0.15013699 0.15123288 0.15232877 0.15342466 0.15452055
 0.15561644 0.15671233 0.15780822 0.15890411 0.16       0.16109589
 0.16219178 0.16328767 0.16438356 0.16547945 0.16657534 0.16767123
 0.16876712 0.16986301 0.1709589  0.17424658 0.17643836 0.17753425
 0.17863014 0.18082192 0.18191781 0.1830137  0.18410959 0.18520548
 0.18630137 0.18739726 0.18849315 0.18958904 0.19178082 0.19287671
 0.1939726  0.19506849 0.19616438 0.19726027 0.19835616 0.19945205
 0.20054795 0.20164384 0.20273973 0.20383562 0.20493151 0.2060274
 0.21041096 0.21150685 0.21369863 0.21808219 0.22027397 0.22246575
 0.22465753 0.22575342 0.22794521 0.23232877 0.23342466 0.23452055
 0.23671233 0.23780822 0.24       0.24219178 0.24547945 0.24767123
 0.24876712 0.24986301 0.2509589  0.25205479 0.25643836 0.25972603
 0.26082192 0.26191781 0.27287671 0.2739726  0.28054795 0.28273973
 0.32109589 0.3309589  0.33205479 0.33315068 0.33972603]","[0.96363636 0.96969697 0.97575758 0.97575758 0.96969697 0.96363636
 0.95757576 0.98787879 0.95151515 0.97575758]","[0.93939394 0.95757576 0.98181818 0.98787879 0.98181818 0.97575758
 0.92727273 0.97575758 0.94545455 0.95757576]"
7,Sus_scrofa,512,"""                  precision    recall  f1-score   support\n\n mRNA_Sus_scrofa       0.80      0.92      0.85        72\nncRNA_Sus_scrofa       0.90      0.77      0.83        73\n\n        accuracy                           0.84       145\n       macro avg       0.85      0.84      0.84       145\n    weighted avg       0.85      0.84      0.84       145\n""","""                  precision    recall  f1-score   support\n\n mRNA_Sus_scrofa       0.72      0.85      0.78        72\nncRNA_Sus_scrofa       0.82      0.67      0.74        73\n\n        accuracy                           0.76       145\n       macro avg       0.77      0.76      0.76       145\n    weighted avg       0.77      0.76      0.76       145\n""",2,[0],[1],[0.         0.00109589],"[0.7745098  0.79411765 0.81372549 0.85294118 0.85294118 0.80392157
 0.8627451  0.79411765 0.85294118 0.83333333]","[0.73529412 0.74509804 0.75490196 0.75490196 0.7254902  0.73529412
 0.71568627 0.73529412 0.73529412 0.82352941]"
8,Xenopus_tropicalis,512,"""                          precision    recall  f1-score   support\n\n mRNA_Xenopus_tropicalis       0.96      0.96      0.96        90\nncRNA_Xenopus_tropicalis       0.95      0.95      0.95        78\n\n                accuracy                           0.95       168\n               macro avg       0.95      0.95      0.95       168\n            weighted avg       0.95      0.95      0.95       168\n""","""                          precision    recall  f1-score   support\n\n mRNA_Xenopus_tropicalis       0.96      0.96      0.96        90\nncRNA_Xenopus_tropicalis       0.95      0.95      0.95        78\n\n                accuracy                           0.95       168\n               macro avg       0.95      0.95      0.95       168\n            weighted avg       0.95      0.95      0.95       168\n""",3,[0],"[1, 303]",[0.         0.00109589 0.33205479],"[0.98290598 0.98290598 0.98290598 0.99145299 0.99145299 0.99145299
 1.         0.99145299 0.98290598 0.97435897]","[0.94871795 0.92307692 0.97435897 0.94017094 0.94017094 0.94871795
 0.98290598 0.94017094 0.96581197 0.94871795]"
